Hospital,Saturation,Total_Beds,Available_Beds,Governorate,Country
Hôpital TU-1,Low,252,153,Tunis,Tunisie
Hôpital TU-2,Low,105,96,Sfax,Tunisie
Hôpital TU-3,Low,221,173,Sousse,Tunisie
Hôpital TU-4,High,519,91,Gabès,Tunisie
Hôpital TU-5,Medium,538,262,Bizerte,Tunisie
Hôpital TU-6,High,254,4,Nabeul,Tunisie
Hôpital TU-7,High,531,51,Kairouan,Tunisie
Hôpital AL-8,Low,142,106,Alger,Algérie
Hôpital AL-9,Low,110,70,Oran,Algérie
Hôpital AL-10,High,198,21,Constantine,Algérie
Hôpital AL-11,Low,138,70,Blida,Algérie
Hôpital AL-12,High,399,25,Annaba,Algérie
Hôpital AL-13,Low,490,380,Tizi Ouzou,Algérie
Hôpital AL-14,Medium,330,97,Sétif,Algérie
Hôpital LI-15,Medium,338,73,Tripoli,Libye
Hôpital LI-16,High,180,9,Benghazi,Libye
Hôpital LI-17,Low,597,337,Misrata,Libye
Hôpital LI-18,High,235,13,Sabha,Libye
Hôpital LI-19,High,111,2,Zawiya,Libye
Hôpital LI-20,Low,358,284,Derna,Libye
Hôpital LI-21,Low,146,118,Sirte,Libye
Hôpital ÉG-22,Medium,460,222,Cairo,Égypte
Hôpital ÉG-23,Low,438,396,Alexandria,Égypte
Hôpital ÉG-24,Medium,114,33,Giza,Égypte
Hôpital ÉG-25,Low,568,554,Assiut,Égypte
Hôpital ÉG-26,Low,537,345,Mansoura,Égypte
Hôpital ÉG-27,Medium,124,29,Zagazig,Égypte
Hôpital ÉG-28,Low,485,287,Tanta,Égypte
Hôpital TU-29,Low,361,246,Tunis,Tunisie
Hôpital TU-30,Low,593,444,Sfax,Tunisie
Hôpital TU-31,Low,340,256,Sousse,Tunisie
Hôpital TU-32,High,117,21,Gabès,Tunisie
Hôpital TU-33,Low,119,117,Bizerte,Tunisie
Hôpital TU-34,High,199,19,Nabeul,Tunisie
Hôpital TU-35,Low,121,74,Kairouan,Tunisie
Hôpital AL-36,Low,193,170,Alger,Algérie
Hôpital AL-37,Medium,376,89,Oran,Algérie
Hôpital AL-38,Low,181,180,Constantine,Algérie
Hôpital AL-39,Low,175,143,Blida,Algérie
Hôpital AL-40,High,475,73,Annaba,Algérie
Hôpital AL-41,High,440,17,Tizi Ouzou,Algérie
Hôpital AL-42,Low,386,315,Sétif,Algérie
Hôpital LI-43,Medium,446,110,Tripoli,Libye
Hôpital LI-44,Low,575,332,Benghazi,Libye
Hôpital LI-45,Low,543,282,Misrata,Libye
Hôpital LI-46,Low,560,483,Sabha,Libye
Hôpital LI-47,High,504,51,Zawiya,Libye
Hôpital LI-48,Low,186,111,Derna,Libye
Hôpital LI-49,Low,280,162,Sirte,Libye
Hôpital ÉG-50,Low,538,505,Cairo,Égypte
Hôpital ÉG-51,Medium,235,54,Alexandria,Égypte
Hôpital ÉG-52,High,260,26,Giza,Égypte
Hôpital ÉG-53,High,381,13,Assiut,Égypte
Hôpital ÉG-54,Low,349,204,Mansoura,Égypte
Hôpital ÉG-55,Low,111,91,Zagazig,Égypte
Hôpital ÉG-56,Low,465,251,Tanta,Égypte
Hôpital TU-57,Medium,246,63,Tunis,Tunisie
Hôpital TU-58,Medium,449,163,Sfax,Tunisie
Hôpital TU-59,Medium,237,89,Sousse,Tunisie
Hôpital TU-60,Medium,328,148,Gabès,Tunisie
Hôpital TU-61,Low,122,83,Bizerte,Tunisie
Hôpital TU-62,Low,416,372,Nabeul,Tunisie
Hôpital TU-63,Medium,544,174,Kairouan,Tunisie
Hôpital AL-64,Low,534,431,Alger,Algérie
Hôpital AL-65,Low,329,170,Oran,Algérie
Hôpital AL-66,Low,246,164,Constantine,Algérie
Hôpital AL-67,Low,478,267,Blida,Algérie
Hôpital AL-68,Medium,431,107,Annaba,Algérie
Hôpital AL-69,High,553,97,Tizi Ouzou,Algérie
Hôpital AL-70,Low,269,205,Sétif,Algérie
Hôpital LI-71,Low,266,220,Tripoli,Libye
Hôpital LI-72,Medium,101,36,Benghazi,Libye
Hôpital LI-73,Low,160,92,Misrata,Libye
Hôpital LI-74,Low,277,191,Sabha,Libye
Hôpital LI-75,Medium,210,48,Zawiya,Libye
Hôpital LI-76,Medium,530,238,Derna,Libye
Hôpital LI-77,Medium,178,59,Sirte,Libye
Hôpital ÉG-78,High,277,41,Cairo,Égypte
Hôpital ÉG-79,Medium,317,124,Alexandria,Égypte
Hôpital ÉG-80,Low,303,162,Giza,Égypte
Hôpital ÉG-81,High,443,2,Assiut,Égypte
Hôpital ÉG-82,Low,106,77,Mansoura,Égypte
Hôpital ÉG-83,High,365,5,Zagazig,Égypte
Hôpital ÉG-84,High,478,91,Tanta,Égypte
Hôpital TU-85,Low,251,145,Tunis,Tunisie
Hôpital TU-86,Low,516,466,Sfax,Tunisie
Hôpital TU-87,Low,237,182,Sousse,Tunisie
Hôpital TU-88,Medium,466,130,Gabès,Tunisie
Hôpital TU-89,Medium,345,87,Bizerte,Tunisie
Hôpital TU-90,Low,533,516,Nabeul,Tunisie
Hôpital TU-91,Medium,465,145,Kairouan,Tunisie
Hôpital AL-92,Low,531,319,Alger,Algérie
Hôpital AL-93,Medium,104,32,Oran,Algérie
Hôpital AL-94,High,137,1,Constantine,Algérie
Hôpital AL-95,Medium,179,77,Blida,Algérie
Hôpital AL-96,Low,559,502,Annaba,Algérie
Hôpital AL-97,Low,412,343,Tizi Ouzou,Algérie
Hôpital AL-98,Low,202,175,Sétif,Algérie
Hôpital LI-99,Low,597,352,Tripoli,Libye
Hôpital LI-100,Low,480,276,Benghazi,Libye
Hôpital LI-101,Low,209,192,Misrata,Libye
Hôpital LI-102,Low,311,252,Sabha,Libye
Hôpital LI-103,Low,398,220,Zawiya,Libye
Hôpital LI-104,Medium,152,44,Derna,Libye
Hôpital LI-105,Low,562,322,Sirte,Libye
Hôpital ÉG-106,High,437,51,Cairo,Égypte
Hôpital ÉG-107,Medium,126,46,Alexandria,Égypte
Hôpital ÉG-108,Low,326,255,Giza,Égypte
Hôpital ÉG-109,High,568,26,Assiut,Égypte
Hôpital ÉG-110,Low,275,224,Mansoura,Égypte
Hôpital ÉG-111,Low,597,588,Zagazig,Égypte
Hôpital ÉG-112,Low,420,248,Tanta,Égypte
Hôpital TU-113,Low,190,155,Tunis,Tunisie
Hôpital TU-114,Low,120,65,Sfax,Tunisie
Hôpital TU-115,Low,114,71,Sousse,Tunisie
Hôpital TU-116,Low,370,253,Gabès,Tunisie
Hôpital TU-117,High,179,5,Bizerte,Tunisie
Hôpital TU-118,Medium,346,166,Nabeul,Tunisie
Hôpital TU-119,Low,357,346,Kairouan,Tunisie
Hôpital AL-120,High,426,21,Alger,Algérie
Hôpital AL-121,Low,327,324,Oran,Algérie
Hôpital AL-122,Medium,369,120,Constantine,Algérie
Hôpital AL-123,Low,533,431,Blida,Algérie
Hôpital AL-124,Medium,312,89,Annaba,Algérie
Hôpital AL-125,High,580,4,Tizi Ouzou,Algérie
Hôpital AL-126,Medium,128,45,Sétif,Algérie
Hôpital LI-127,Low,451,372,Tripoli,Libye
Hôpital LI-128,Medium,204,73,Benghazi,Libye
Hôpital LI-129,Medium,471,203,Misrata,Libye
Hôpital LI-130,High,140,2,Sabha,Libye
Hôpital LI-131,Low,377,217,Zawiya,Libye
Hôpital LI-132,Medium,159,78,Derna,Libye
Hôpital LI-133,Medium,115,32,Sirte,Libye
Hôpital ÉG-134,Low,406,212,Cairo,Égypte
Hôpital ÉG-135,Medium,423,127,Alexandria,Égypte
Hôpital ÉG-136,Low,114,63,Giza,Égypte
Hôpital ÉG-137,Low,191,185,Assiut,Égypte
Hôpital ÉG-138,Low,262,145,Mansoura,Égypte
Hôpital ÉG-139,Medium,388,183,Zagazig,Égypte
Hôpital ÉG-140,Low,535,281,Tanta,Égypte
Hôpital TU-141,Low,451,331,Tunis,Tunisie
Hôpital TU-142,High,100,14,Sfax,Tunisie
Hôpital TU-143,High,348,27,Sousse,Tunisie
Hôpital TU-144,Medium,455,189,Gabès,Tunisie
Hôpital TU-145,Medium,389,143,Bizerte,Tunisie
Hôpital TU-146,Low,141,103,Nabeul,Tunisie
Hôpital TU-147,Low,437,421,Kairouan,Tunisie
Hôpital AL-148,Medium,272,80,Alger,Algérie
Hôpital AL-149,High,263,50,Oran,Algérie
Hôpital AL-150,Low,174,151,Constantine,Algérie
Hôpital AL-151,Low,252,201,Blida,Algérie
Hôpital AL-152,Medium,259,103,Annaba,Algérie
Hôpital AL-153,High,475,4,Tizi Ouzou,Algérie
Hôpital AL-154,Medium,552,208,Sétif,Algérie
Hôpital LI-155,Low,238,180,Tripoli,Libye
Hôpital LI-156,Medium,321,115,Benghazi,Libye
Hôpital LI-157,Medium,579,268,Misrata,Libye
Hôpital LI-158,High,219,3,Sabha,Libye
Hôpital LI-159,Medium,567,248,Zawiya,Libye
Hôpital LI-160,Low,592,448,Derna,Libye
Hôpital LI-161,Medium,300,122,Sirte,Libye
Hôpital ÉG-162,Low,320,298,Cairo,Égypte
Hôpital ÉG-163,Low,227,174,Alexandria,Égypte
Hôpital ÉG-164,Medium,592,150,Giza,Égypte
Hôpital ÉG-165,High,222,2,Assiut,Égypte
Hôpital ÉG-166,Low,587,573,Mansoura,Égypte
Hôpital ÉG-167,Low,182,173,Zagazig,Égypte
Hôpital ÉG-168,High,275,14,Tanta,Égypte
Hôpital TU-169,Low,510,408,Tunis,Tunisie
Hôpital TU-170,Low,334,311,Sfax,Tunisie
Hôpital TU-171,Low,144,78,Sousse,Tunisie
Hôpital TU-172,Medium,376,159,Gabès,Tunisie
Hôpital TU-173,High,458,56,Bizerte,Tunisie
Hôpital TU-174,High,451,34,Nabeul,Tunisie
Hôpital TU-175,Low,328,183,Kairouan,Tunisie
Hôpital AL-176,Low,124,78,Alger,Algérie
Hôpital AL-177,Medium,258,66,Oran,Algérie
Hôpital AL-178,High,276,49,Constantine,Algérie
Hôpital AL-179,Medium,266,64,Blida,Algérie
Hôpital AL-180,Low,543,280,Annaba,Algérie
Hôpital AL-181,Low,264,138,Tizi Ouzou,Algérie
Hôpital AL-182,High,537,49,Sétif,Algérie
Hôpital LI-183,Medium,445,132,Tripoli,Libye
Hôpital LI-184,Low,149,136,Benghazi,Libye
Hôpital LI-185,Low,451,436,Misrata,Libye
Hôpital LI-186,Low,131,81,Sabha,Libye
Hôpital LI-187,High,363,38,Zawiya,Libye
Hôpital LI-188,Medium,287,100,Derna,Libye
Hôpital LI-189,Low,311,286,Sirte,Libye
Hôpital ÉG-190,Medium,434,149,Cairo,Égypte
Hôpital ÉG-191,Low,364,344,Alexandria,Égypte
Hôpital ÉG-192,High,169,20,Giza,Égypte
Hôpital ÉG-193,Medium,325,149,Assiut,Égypte
Hôpital ÉG-194,Low,116,109,Mansoura,Égypte
Hôpital ÉG-195,Low,384,291,Zagazig,Égypte
Hôpital ÉG-196,High,261,48,Tanta,Égypte
Hôpital TU-197,High,165,0,Tunis,Tunisie
Hôpital TU-198,Low,249,139,Sfax,Tunisie
Hôpital TU-199,High,204,27,Sousse,Tunisie
Hôpital TU-200,Low,205,205,Gabès,Tunisie
Hôpital TU-201,Medium,388,90,Bizerte,Tunisie
Hôpital TU-202,Low,377,342,Nabeul,Tunisie
Hôpital TU-203,High,141,9,Kairouan,Tunisie
Hôpital AL-204,Low,355,233,Alger,Algérie
Hôpital AL-205,Medium,547,259,Oran,Algérie
Hôpital AL-206,Low,598,557,Constantine,Algérie
Hôpital AL-207,High,297,49,Blida,Algérie
Hôpital AL-208,Low,489,355,Annaba,Algérie
Hôpital AL-209,Medium,411,186,Tizi Ouzou,Algérie
Hôpital AL-210,Medium,105,50,Sétif,Algérie
Hôpital LI-211,Medium,393,80,Tripoli,Libye
Hôpital LI-212,Low,439,346,Benghazi,Libye
Hôpital LI-213,Low,590,346,Misrata,Libye
Hôpital LI-214,Low,321,245,Sabha,Libye
Hôpital LI-215,Low,300,272,Zawiya,Libye
Hôpital LI-216,Low,393,216,Derna,Libye
Hôpital LI-217,Low,269,185,Sirte,Libye
Hôpital ÉG-218,High,166,33,Cairo,Égypte
Hôpital ÉG-219,Medium,514,235,Alexandria,Égypte
Hôpital ÉG-220,Medium,201,41,Giza,Égypte
Hôpital ÉG-221,Medium,108,34,Assiut,Égypte
Hôpital ÉG-222,Low,376,303,Mansoura,Égypte
Hôpital ÉG-223,Low,141,109,Zagazig,Égypte
Hôpital ÉG-224,Medium,281,69,Tanta,Égypte
Hôpital TU-225,Low,247,217,Tunis,Tunisie
Hôpital TU-226,Medium,509,131,Sfax,Tunisie
Hôpital TU-227,Medium,260,69,Sousse,Tunisie
Hôpital TU-228,Medium,359,178,Gabès,Tunisie
Hôpital TU-229,Medium,163,71,Bizerte,Tunisie
Hôpital TU-230,Low,162,115,Nabeul,Tunisie
Hôpital TU-231,Medium,207,87,Kairouan,Tunisie
Hôpital AL-232,Medium,187,91,Alger,Algérie
Hôpital AL-233,High,342,47,Oran,Algérie
Hôpital AL-234,Low,281,187,Constantine,Algérie
Hôpital AL-235,Low,378,229,Blida,Algérie
Hôpital AL-236,Low,314,230,Annaba,Algérie
Hôpital AL-237,Low,446,355,Tizi Ouzou,Algérie
Hôpital AL-238,High,182,16,Sétif,Algérie
Hôpital LI-239,Low,547,393,Tripoli,Libye
Hôpital LI-240,Low,419,271,Benghazi,Libye
Hôpital LI-241,Medium,575,155,Misrata,Libye
Hôpital LI-242,Low,360,182,Sabha,Libye
Hôpital LI-243,Low,304,211,Zawiya,Libye
Hôpital LI-244,Medium,154,36,Derna,Libye
Hôpital LI-245,High,463,75,Sirte,Libye
Hôpital ÉG-246,Low,544,435,Cairo,Égypte
Hôpital ÉG-247,Medium,105,22,Alexandria,Égypte
Hôpital ÉG-248,Low,132,115,Giza,Égypte
Hôpital ÉG-249,Low,228,167,Assiut,Égypte
Hôpital ÉG-250,High,295,6,Mansoura,Égypte
Hôpital ÉG-251,Low,383,306,Zagazig,Égypte
Hôpital ÉG-252,Low,504,447,Tanta,Égypte
Hôpital TU-253,High,474,2,Tunis,Tunisie
Hôpital TU-254,Low,150,86,Sfax,Tunisie
Hôpital TU-255,Low,429,242,Sousse,Tunisie
Hôpital TU-256,Low,250,192,Gabès,Tunisie
Hôpital TU-257,Medium,579,126,Bizerte,Tunisie
Hôpital TU-258,Low,135,98,Nabeul,Tunisie
Hôpital TU-259,Low,248,153,Kairouan,Tunisie
Hôpital AL-260,Low,539,270,Alger,Algérie
Hôpital AL-261,Low,447,425,Oran,Algérie
Hôpital AL-262,High,591,107,Constantine,Algérie
Hôpital AL-263,High,473,92,Blida,Algérie
Hôpital AL-264,High,594,5,Annaba,Algérie
Hôpital AL-265,Medium,234,80,Tizi Ouzou,Algérie
Hôpital AL-266,High,266,29,Sétif,Algérie
Hôpital LI-267,Medium,264,68,Tripoli,Libye
Hôpital LI-268,Low,212,130,Benghazi,Libye
Hôpital LI-269,High,166,1,Misrata,Libye
Hôpital LI-270,Low,270,243,Sabha,Libye
Hôpital LI-271,High,306,41,Zawiya,Libye
Hôpital LI-272,Medium,199,97,Derna,Libye
Hôpital LI-273,Low,188,98,Sirte,Libye
Hôpital ÉG-274,Low,296,262,Cairo,Égypte
Hôpital ÉG-275,Low,263,148,Alexandria,Égypte
Hôpital ÉG-276,High,426,71,Giza,Égypte
Hôpital ÉG-277,Low,362,252,Assiut,Égypte
Hôpital ÉG-278,High,353,55,Mansoura,Égypte
Hôpital ÉG-279,Low,518,325,Zagazig,Égypte
Hôpital ÉG-280,Low,268,137,Tanta,Égypte
Hôpital TU-281,Low,434,322,Tunis,Tunisie
Hôpital TU-282,High,192,26,Sfax,Tunisie
Hôpital TU-283,Medium,544,171,Sousse,Tunisie
Hôpital TU-284,High,242,6,Gabès,Tunisie
Hôpital TU-285,Medium,250,59,Bizerte,Tunisie
Hôpital TU-286,Medium,244,67,Nabeul,Tunisie
Hôpital TU-287,Low,449,338,Kairouan,Tunisie
Hôpital AL-288,Medium,452,107,Alger,Algérie
Hôpital AL-289,Low,421,288,Oran,Algérie
Hôpital AL-290,High,556,42,Constantine,Algérie
Hôpital AL-291,High,322,19,Blida,Algérie
Hôpital AL-292,High,158,21,Annaba,Algérie
Hôpital AL-293,High,526,33,Tizi Ouzou,Algérie
Hôpital AL-294,Low,242,184,Sétif,Algérie
Hôpital LI-295,Low,274,184,Tripoli,Libye
Hôpital LI-296,Medium,488,135,Benghazi,Libye
Hôpital LI-297,High,118,5,Misrata,Libye
Hôpital LI-298,Medium,209,59,Sabha,Libye
Hôpital LI-299,Low,174,136,Zawiya,Libye
Hôpital LI-300,Low,371,288,Derna,Libye
Hôpital LI-301,Medium,243,117,Sirte,Libye
Hôpital ÉG-302,High,198,33,Cairo,Égypte
Hôpital ÉG-303,Low,538,367,Alexandria,Égypte
Hôpital ÉG-304,Low,248,176,Giza,Égypte
Hôpital ÉG-305,Low,265,210,Assiut,Égypte
Hôpital ÉG-306,Medium,270,61,Mansoura,Égypte
Hôpital ÉG-307,Low,191,175,Zagazig,Égypte
Hôpital ÉG-308,Medium,139,62,Tanta,Égypte
Hôpital TU-309,Medium,311,139,Tunis,Tunisie
Hôpital TU-310,Low,261,169,Sfax,Tunisie
Hôpital TU-311,Medium,352,148,Sousse,Tunisie
Hôpital TU-312,Medium,188,68,Gabès,Tunisie
Hôpital TU-313,Low,504,301,Bizerte,Tunisie
Hôpital TU-314,Medium,154,74,Nabeul,Tunisie
Hôpital TU-315,Medium,285,86,Kairouan,Tunisie
Hôpital AL-316,Medium,139,56,Alger,Algérie
Hôpital AL-317,Medium,586,279,Oran,Algérie
Hôpital AL-318,Low,170,128,Constantine,Algérie
Hôpital AL-319,Low,244,136,Blida,Algérie
Hôpital AL-320,High,258,20,Annaba,Algérie
Hôpital AL-321,Low,345,231,Tizi Ouzou,Algérie
Hôpital AL-322,Low,155,143,Sétif,Algérie
Hôpital LI-323,Low,489,253,Tripoli,Libye
Hôpital LI-324,Low,385,296,Benghazi,Libye
Hôpital LI-325,High,509,96,Misrata,Libye
Hôpital LI-326,Medium,497,146,Sabha,Libye
Hôpital LI-327,Low,173,90,Zawiya,Libye
Hôpital LI-328,High,550,26,Derna,Libye
Hôpital LI-329,Medium,431,180,Sirte,Libye
Hôpital ÉG-330,Low,130,67,Cairo,Égypte
Hôpital ÉG-331,Low,393,237,Alexandria,Égypte
Hôpital ÉG-332,Medium,434,127,Giza,Égypte
Hôpital ÉG-333,Low,188,186,Assiut,Égypte
Hôpital ÉG-334,High,451,34,Mansoura,Égypte
Hôpital ÉG-335,Low,545,480,Zagazig,Égypte
Hôpital ÉG-336,Low,310,256,Tanta,Égypte
Hôpital TU-337,High,521,99,Tunis,Tunisie
Hôpital TU-338,High,134,26,Sfax,Tunisie
Hôpital TU-339,High,180,24,Sousse,Tunisie
Hôpital TU-340,Low,220,180,Gabès,Tunisie
Hôpital TU-341,Low,234,196,Bizerte,Tunisie
Hôpital TU-342,High,390,42,Nabeul,Tunisie
Hôpital TU-343,Low,357,345,Kairouan,Tunisie
Hôpital AL-344,Low,527,390,Alger,Algérie
Hôpital AL-345,High,133,7,Oran,Algérie
Hôpital AL-346,Medium,566,233,Constantine,Algérie
Hôpital AL-347,High,449,70,Blida,Algérie
Hôpital AL-348,Low,481,345,Annaba,Algérie
Hôpital AL-349,Medium,279,126,Tizi Ouzou,Algérie
Hôpital AL-350,Low,278,220,Sétif,Algérie
Hôpital LI-351,Low,536,521,Tripoli,Libye
Hôpital LI-352,Low,177,102,Benghazi,Libye
Hôpital LI-353,Low,388,205,Misrata,Libye
Hôpital LI-354,Low,571,447,Sabha,Libye
Hôpital LI-355,Low,563,542,Zawiya,Libye
Hôpital LI-356,Low,527,300,Derna,Libye
Hôpital LI-357,Low,284,180,Sirte,Libye
Hôpital ÉG-358,Medium,390,137,Cairo,Égypte
Hôpital ÉG-359,Medium,122,45,Alexandria,Égypte
Hôpital ÉG-360,Low,358,317,Giza,Égypte
Hôpital ÉG-361,Medium,368,160,Assiut,Égypte
Hôpital ÉG-362,Low,374,203,Mansoura,Égypte
Hôpital ÉG-363,Medium,231,71,Zagazig,Égypte
Hôpital ÉG-364,Medium,287,101,Tanta,Égypte
Hôpital TU-365,Low,390,314,Tunis,Tunisie
Hôpital TU-366,High,192,37,Sfax,Tunisie
Hôpital TU-367,Low,459,230,Sousse,Tunisie
Hôpital TU-368,High,147,29,Gabès,Tunisie
Hôpital TU-369,High,584,92,Bizerte,Tunisie
Hôpital TU-370,Medium,297,67,Nabeul,Tunisie
Hôpital TU-371,Low,210,193,Kairouan,Tunisie
Hôpital AL-372,High,447,35,Alger,Algérie
Hôpital AL-373,Medium,207,95,Oran,Algérie
Hôpital AL-374,Low,339,171,Constantine,Algérie
Hôpital AL-375,Medium,297,61,Blida,Algérie
Hôpital AL-376,Medium,216,66,Annaba,Algérie
Hôpital AL-377,Medium,506,185,Tizi Ouzou,Algérie
Hôpital AL-378,High,250,48,Sétif,Algérie
Hôpital LI-379,High,258,12,Tripoli,Libye
Hôpital LI-380,Low,424,227,Benghazi,Libye
Hôpital LI-381,Medium,140,56,Misrata,Libye
Hôpital LI-382,High,436,62,Sabha,Libye
Hôpital LI-383,Low,137,114,Zawiya,Libye
Hôpital LI-384,High,338,46,Derna,Libye
Hôpital LI-385,Low,368,190,Sirte,Libye
Hôpital ÉG-386,Low,237,179,Cairo,Égypte
Hôpital ÉG-387,Medium,177,78,Alexandria,Égypte
Hôpital ÉG-388,Low,210,189,Giza,Égypte
Hôpital ÉG-389,Low,572,476,Assiut,Égypte
Hôpital ÉG-390,Medium,175,64,Mansoura,Égypte
Hôpital ÉG-391,Medium,507,241,Zagazig,Égypte
Hôpital ÉG-392,High,117,10,Tanta,Égypte
Hôpital TU-393,High,362,11,Tunis,Tunisie
Hôpital TU-394,Low,471,316,Sfax,Tunisie
Hôpital TU-395,Low,181,122,Sousse,Tunisie
Hôpital TU-396,Medium,403,141,Gabès,Tunisie
Hôpital TU-397,Low,509,473,Bizerte,Tunisie
Hôpital TU-398,Medium,509,214,Nabeul,Tunisie
Hôpital TU-399,Low,319,225,Kairouan,Tunisie
Hôpital AL-400,Low,548,364,Alger,Algérie
Hôpital AL-401,Low,200,156,Oran,Algérie
Hôpital AL-402,High,355,67,Constantine,Algérie
Hôpital AL-403,High,206,21,Blida,Algérie
Hôpital AL-404,Low,547,407,Annaba,Algérie
Hôpital AL-405,Low,354,269,Tizi Ouzou,Algérie
Hôpital AL-406,High,157,7,Sétif,Algérie
Hôpital LI-407,Low,586,451,Tripoli,Libye
Hôpital LI-408,Medium,582,198,Benghazi,Libye
Hôpital LI-409,Low,451,443,Misrata,Libye
Hôpital LI-410,Low,459,291,Sabha,Libye
Hôpital LI-411,High,263,39,Zawiya,Libye
Hôpital LI-412,Low,467,427,Derna,Libye
Hôpital LI-413,High,448,53,Sirte,Libye
Hôpital ÉG-414,Low,329,308,Cairo,Égypte
Hôpital ÉG-415,Low,443,279,Alexandria,Égypte
Hôpital ÉG-416,Low,125,103,Giza,Égypte
Hôpital ÉG-417,High,366,40,Assiut,Égypte
Hôpital ÉG-418,Low,393,209,Mansoura,Égypte
Hôpital ÉG-419,Low,218,150,Zagazig,Égypte
Hôpital ÉG-420,High,462,29,Tanta,Égypte
Hôpital TU-421,High,237,10,Tunis,Tunisie
Hôpital TU-422,Medium,442,186,Sfax,Tunisie
Hôpital TU-423,Medium,370,77,Sousse,Tunisie
Hôpital TU-424,Medium,302,94,Gabès,Tunisie
Hôpital TU-425,Low,253,179,Bizerte,Tunisie
Hôpital TU-426,Low,405,263,Nabeul,Tunisie
Hôpital TU-427,Low,125,72,Kairouan,Tunisie
Hôpital AL-428,Low,416,362,Alger,Algérie
Hôpital AL-429,Low,176,126,Oran,Algérie
Hôpital AL-430,Low,493,307,Constantine,Algérie
Hôpital AL-431,Low,240,230,Blida,Algérie
Hôpital AL-432,Medium,173,66,Annaba,Algérie
Hôpital AL-433,High,101,13,Tizi Ouzou,Algérie
Hôpital AL-434,Low,254,208,Sétif,Algérie
Hôpital LI-435,Low,247,243,Tripoli,Libye
Hôpital LI-436,Low,167,93,Benghazi,Libye
Hôpital LI-437,Low,257,224,Misrata,Libye
Hôpital LI-438,Low,221,111,Sabha,Libye
Hôpital LI-439,High,596,65,Zawiya,Libye
Hôpital LI-440,Medium,422,87,Derna,Libye
Hôpital LI-441,Low,575,532,Sirte,Libye
Hôpital ÉG-442,High,294,28,Cairo,Égypte
Hôpital ÉG-443,High,563,54,Alexandria,Égypte
Hôpital ÉG-444,Low,498,336,Giza,Égypte
Hôpital ÉG-445,High,178,8,Assiut,Égypte
Hôpital ÉG-446,Low,416,401,Mansoura,Égypte
Hôpital ÉG-447,Low,165,159,Zagazig,Égypte
Hôpital ÉG-448,Low,481,263,Tanta,Égypte
Hôpital TU-449,High,277,29,Tunis,Tunisie
Hôpital TU-450,Low,101,95,Sfax,Tunisie
Hôpital TU-451,Low,544,308,Sousse,Tunisie
Hôpital TU-452,Low,117,76,Gabès,Tunisie
Hôpital TU-453,Low,582,435,Bizerte,Tunisie
Hôpital TU-454,Low,317,218,Nabeul,Tunisie
Hôpital TU-455,Low,429,311,Kairouan,Tunisie
Hôpital AL-456,Low,289,288,Alger,Algérie
Hôpital AL-457,Low,459,423,Oran,Algérie
Hôpital AL-458,Low,203,136,Constantine,Algérie
Hôpital AL-459,Medium,194,85,Blida,Algérie
Hôpital AL-460,High,189,37,Annaba,Algérie
Hôpital AL-461,High,485,87,Tizi Ouzou,Algérie
Hôpital AL-462,Medium,241,59,Sétif,Algérie
Hôpital LI-463,Low,120,90,Tripoli,Libye
Hôpital LI-464,Medium,134,60,Benghazi,Libye
Hôpital LI-465,High,494,17,Misrata,Libye
Hôpital LI-466,Medium,559,174,Sabha,Libye
Hôpital LI-467,Medium,147,38,Zawiya,Libye
Hôpital LI-468,Low,104,83,Derna,Libye
Hôpital LI-469,Medium,597,243,Sirte,Libye
Hôpital ÉG-470,High,514,53,Cairo,Égypte
Hôpital ÉG-471,Low,302,201,Alexandria,Égypte
Hôpital ÉG-472,High,385,16,Giza,Égypte
Hôpital ÉG-473,Low,141,137,Assiut,Égypte
Hôpital ÉG-474,Medium,335,94,Mansoura,Égypte
Hôpital ÉG-475,Low,510,324,Zagazig,Égypte
Hôpital ÉG-476,Low,140,129,Tanta,Égypte
Hôpital TU-477,Medium,226,50,Tunis,Tunisie
Hôpital TU-478,Low,255,211,Sfax,Tunisie
Hôpital TU-479,Medium,390,187,Sousse,Tunisie
Hôpital TU-480,Low,372,231,Gabès,Tunisie
Hôpital TU-481,Low,290,268,Bizerte,Tunisie
Hôpital TU-482,Low,491,451,Nabeul,Tunisie
Hôpital TU-483,Medium,162,39,Kairouan,Tunisie
Hôpital AL-484,Low,100,51,Alger,Algérie
Hôpital AL-485,Low,184,180,Oran,Algérie
Hôpital AL-486,High,156,26,Constantine,Algérie
Hôpital AL-487,Low,594,443,Blida,Algérie
Hôpital AL-488,Medium,237,51,Annaba,Algérie
Hôpital AL-489,Low,499,365,Tizi Ouzou,Algérie
Hôpital AL-490,Medium,559,165,Sétif,Algérie
Hôpital LI-491,Low,399,281,Tripoli,Libye
Hôpital LI-492,High,362,66,Benghazi,Libye
Hôpital LI-493,Low,512,311,Misrata,Libye
Hôpital LI-494,Medium,119,51,Sabha,Libye
Hôpital LI-495,Low,250,149,Zawiya,Libye
Hôpital LI-496,Low,530,527,Derna,Libye
Hôpital LI-497,High,182,29,Sirte,Libye
Hôpital ÉG-498,Low,458,296,Cairo,Égypte
Hôpital ÉG-499,High,420,29,Alexandria,Égypte
Hôpital ÉG-500,Medium,132,29,Giza,Égypte
Hôpital ÉG-501,Low,139,77,Assiut,Égypte
Hôpital ÉG-502,High,563,11,Mansoura,Égypte
Hôpital ÉG-503,Medium,568,258,Zagazig,Égypte
Hôpital ÉG-504,Low,127,67,Tanta,Égypte
Hôpital TU-505,Medium,333,162,Tunis,Tunisie
Hôpital TU-506,Low,140,91,Sfax,Tunisie
Hôpital TU-507,Low,126,89,Sousse,Tunisie
Hôpital TU-508,Low,506,269,Gabès,Tunisie
Hôpital TU-509,Low,446,234,Bizerte,Tunisie
Hôpital TU-510,Low,511,472,Nabeul,Tunisie
Hôpital TU-511,High,568,32,Kairouan,Tunisie
Hôpital AL-512,Medium,405,173,Alger,Algérie
Hôpital AL-513,High,495,69,Oran,Algérie
Hôpital AL-514,Low,553,476,Constantine,Algérie
Hôpital AL-515,Medium,583,159,Blida,Algérie
Hôpital AL-516,Medium,495,233,Annaba,Algérie
Hôpital AL-517,Low,155,128,Tizi Ouzou,Algérie
Hôpital AL-518,Medium,340,109,Sétif,Algérie
Hôpital LI-519,Low,414,378,Tripoli,Libye
Hôpital LI-520,Low,204,177,Benghazi,Libye
Hôpital LI-521,Low,392,304,Misrata,Libye
Hôpital LI-522,High,246,9,Sabha,Libye
Hôpital LI-523,Low,347,235,Zawiya,Libye
Hôpital LI-524,High,184,36,Derna,Libye
Hôpital LI-525,Low,328,263,Sirte,Libye
Hôpital ÉG-526,High,129,13,Cairo,Égypte
Hôpital ÉG-527,High,435,15,Alexandria,Égypte
Hôpital ÉG-528,Medium,122,33,Giza,Égypte
Hôpital ÉG-529,Low,528,322,Assiut,Égypte
Hôpital ÉG-530,Low,539,279,Mansoura,Égypte
Hôpital ÉG-531,High,351,19,Zagazig,Égypte
Hôpital ÉG-532,Medium,303,82,Tanta,Égypte
Hôpital TU-533,High,120,14,Tunis,Tunisie
Hôpital TU-534,Medium,147,43,Sfax,Tunisie
Hôpital TU-535,Low,135,102,Sousse,Tunisie
Hôpital TU-536,High,298,57,Gabès,Tunisie
Hôpital TU-537,Low,297,216,Bizerte,Tunisie
Hôpital TU-538,High,213,11,Nabeul,Tunisie
Hôpital TU-539,High,393,51,Kairouan,Tunisie
Hôpital AL-540,Medium,252,113,Alger,Algérie
Hôpital AL-541,Low,457,301,Oran,Algérie
Hôpital AL-542,Medium,229,96,Constantine,Algérie
Hôpital AL-543,Medium,380,142,Blida,Algérie
Hôpital AL-544,Low,445,377,Annaba,Algérie
Hôpital AL-545,Medium,553,124,Tizi Ouzou,Algérie
Hôpital AL-546,Low,440,238,Sétif,Algérie
Hôpital LI-547,Low,550,483,Tripoli,Libye
Hôpital LI-548,Medium,191,41,Benghazi,Libye
Hôpital LI-549,Low,263,234,Misrata,Libye
Hôpital LI-550,Low,569,547,Sabha,Libye
Hôpital LI-551,Low,206,175,Zawiya,Libye
Hôpital LI-552,High,366,1,Derna,Libye
Hôpital LI-553,Low,484,384,Sirte,Libye
Hôpital ÉG-554,Medium,573,171,Cairo,Égypte
Hôpital ÉG-555,Low,327,310,Alexandria,Égypte
Hôpital ÉG-556,Low,214,115,Giza,Égypte
Hôpital ÉG-557,High,442,49,Assiut,Égypte
Hôpital ÉG-558,High,457,35,Mansoura,Égypte
Hôpital ÉG-559,Low,528,463,Zagazig,Égypte
Hôpital ÉG-560,Low,145,84,Tanta,Égypte
Hôpital TU-561,Low,472,289,Tunis,Tunisie
Hôpital TU-562,Low,112,105,Sfax,Tunisie
Hôpital TU-563,Low,109,94,Sousse,Tunisie
Hôpital TU-564,High,505,68,Gabès,Tunisie
Hôpital TU-565,Low,313,243,Bizerte,Tunisie
Hôpital TU-566,Medium,518,135,Nabeul,Tunisie
Hôpital TU-567,High,160,26,Kairouan,Tunisie
Hôpital AL-568,Medium,399,82,Alger,Algérie
Hôpital AL-569,High,514,81,Oran,Algérie
Hôpital AL-570,Low,377,343,Constantine,Algérie
Hôpital AL-571,Medium,241,54,Blida,Algérie
Hôpital AL-572,Low,551,445,Annaba,Algérie
Hôpital AL-573,Medium,584,292,Tizi Ouzou,Algérie
Hôpital AL-574,Low,513,295,Sétif,Algérie
Hôpital LI-575,Low,272,156,Tripoli,Libye
Hôpital LI-576,Low,408,214,Benghazi,Libye
Hôpital LI-577,High,380,67,Misrata,Libye
Hôpital LI-578,Low,113,98,Sabha,Libye
Hôpital LI-579,Low,282,189,Zawiya,Libye
Hôpital LI-580,Low,345,220,Derna,Libye
Hôpital LI-581,High,517,67,Sirte,Libye
Hôpital ÉG-582,Low,129,88,Cairo,Égypte
Hôpital ÉG-583,Low,436,302,Alexandria,Égypte
Hôpital ÉG-584,Low,579,539,Giza,Égypte
Hôpital ÉG-585,Low,541,338,Assiut,Égypte
Hôpital ÉG-586,Low,540,452,Mansoura,Égypte
Hôpital ÉG-587,Medium,160,77,Zagazig,Égypte
Hôpital ÉG-588,Low,551,334,Tanta,Égypte
Hôpital TU-589,Low,382,192,Tunis,Tunisie
Hôpital TU-590,Medium,293,92,Sfax,Tunisie
Hôpital TU-591,Low,166,124,Sousse,Tunisie
Hôpital TU-592,High,515,15,Gabès,Tunisie
Hôpital TU-593,Low,576,546,Bizerte,Tunisie
Hôpital TU-594,Low,295,253,Nabeul,Tunisie
Hôpital TU-595,Low,398,396,Kairouan,Tunisie
Hôpital AL-596,Low,130,112,Alger,Algérie
Hôpital AL-597,Medium,398,183,Oran,Algérie
Hôpital AL-598,Low,511,282,Constantine,Algérie
Hôpital AL-599,High,349,2,Blida,Algérie
Hôpital AL-600,Low,354,351,Annaba,Algérie
Hôpital AL-601,High,134,11,Tizi Ouzou,Algérie
Hôpital AL-602,Low,166,130,Sétif,Algérie
Hôpital LI-603,Low,317,212,Tripoli,Libye
Hôpital LI-604,High,504,24,Benghazi,Libye
Hôpital LI-605,Medium,501,230,Misrata,Libye
Hôpital LI-606,Medium,210,80,Sabha,Libye
Hôpital LI-607,Low,492,297,Zawiya,Libye
Hôpital LI-608,Low,155,150,Derna,Libye
Hôpital LI-609,High,274,5,Sirte,Libye
Hôpital ÉG-610,Low,102,74,Cairo,Égypte
Hôpital ÉG-611,Low,217,133,Alexandria,Égypte
Hôpital ÉG-612,Low,336,209,Giza,Égypte
Hôpital ÉG-613,Low,589,379,Assiut,Égypte
Hôpital ÉG-614,Medium,559,173,Mansoura,Égypte
Hôpital ÉG-615,Low,463,403,Zagazig,Égypte
Hôpital ÉG-616,Low,163,110,Tanta,Égypte
Hôpital TU-617,Low,113,101,Tunis,Tunisie
Hôpital TU-618,Low,187,112,Sfax,Tunisie
Hôpital TU-619,Low,181,119,Sousse,Tunisie
Hôpital TU-620,Medium,167,58,Gabès,Tunisie
Hôpital TU-621,Low,446,404,Bizerte,Tunisie
Hôpital TU-622,Medium,406,148,Nabeul,Tunisie
Hôpital TU-623,High,538,83,Kairouan,Tunisie
Hôpital AL-624,High,257,43,Alger,Algérie
Hôpital AL-625,Medium,252,122,Oran,Algérie
Hôpital AL-626,High,143,3,Constantine,Algérie
Hôpital AL-627,Medium,366,178,Blida,Algérie
Hôpital AL-628,High,541,58,Annaba,Algérie
Hôpital AL-629,Low,479,321,Tizi Ouzou,Algérie
Hôpital AL-630,Low,354,237,Sétif,Algérie
Hôpital LI-631,High,396,65,Tripoli,Libye
Hôpital LI-632,Low,199,170,Benghazi,Libye
Hôpital LI-633,Low,498,338,Misrata,Libye
Hôpital LI-634,Low,282,144,Sabha,Libye
Hôpital LI-635,Medium,300,147,Zawiya,Libye
Hôpital LI-636,Low,596,422,Derna,Libye
Hôpital LI-637,Low,319,296,Sirte,Libye
Hôpital ÉG-638,High,496,63,Cairo,Égypte
Hôpital ÉG-639,Low,196,100,Alexandria,Égypte
Hôpital ÉG-640,High,222,28,Giza,Égypte
Hôpital ÉG-641,Low,403,231,Assiut,Égypte
Hôpital ÉG-642,Medium,282,62,Mansoura,Égypte
Hôpital ÉG-643,Low,302,265,Zagazig,Égypte
Hôpital ÉG-644,Low,349,179,Tanta,Égypte
Hôpital TU-645,Low,215,178,Tunis,Tunisie
Hôpital TU-646,Medium,286,78,Sfax,Tunisie
Hôpital TU-647,Medium,529,140,Sousse,Tunisie
Hôpital TU-648,Low,377,374,Gabès,Tunisie
Hôpital TU-649,High,377,14,Bizerte,Tunisie
Hôpital TU-650,Low,318,201,Nabeul,Tunisie
Hôpital TU-651,High,466,79,Kairouan,Tunisie
Hôpital AL-652,Medium,570,149,Alger,Algérie
Hôpital AL-653,High,203,11,Oran,Algérie
Hôpital AL-654,Medium,422,95,Constantine,Algérie
Hôpital AL-655,Low,353,193,Blida,Algérie
Hôpital AL-656,Low,147,74,Annaba,Algérie
Hôpital AL-657,Low,238,229,Tizi Ouzou,Algérie
Hôpital AL-658,Medium,270,125,Sétif,Algérie
Hôpital LI-659,High,192,14,Tripoli,Libye
Hôpital LI-660,Low,502,448,Benghazi,Libye
Hôpital LI-661,Low,434,327,Misrata,Libye
Hôpital LI-662,Low,223,218,Sabha,Libye
Hôpital LI-663,Low,452,368,Zawiya,Libye
Hôpital LI-664,Low,235,122,Derna,Libye
Hôpital LI-665,Medium,295,146,Sirte,Libye
Hôpital ÉG-666,High,470,75,Cairo,Égypte
Hôpital ÉG-667,Medium,414,153,Alexandria,Égypte
Hôpital ÉG-668,Low,577,576,Giza,Égypte
Hôpital ÉG-669,Low,111,61,Assiut,Égypte
Hôpital ÉG-670,Medium,166,82,Mansoura,Égypte
Hôpital ÉG-671,Medium,314,100,Zagazig,Égypte
Hôpital ÉG-672,Low,318,231,Tanta,Égypte
Hôpital TU-673,Medium,423,93,Tunis,Tunisie
Hôpital TU-674,Low,132,90,Sfax,Tunisie
Hôpital TU-675,Low,346,276,Sousse,Tunisie
Hôpital TU-676,Low,554,322,Gabès,Tunisie
Hôpital TU-677,Low,216,176,Bizerte,Tunisie
Hôpital TU-678,Low,375,335,Nabeul,Tunisie
Hôpital TU-679,High,227,5,Kairouan,Tunisie
Hôpital AL-680,High,397,15,Alger,Algérie
Hôpital AL-681,Low,341,180,Oran,Algérie
Hôpital AL-682,Low,559,301,Constantine,Algérie
Hôpital AL-683,Medium,540,204,Blida,Algérie
Hôpital AL-684,Low,295,260,Annaba,Algérie
Hôpital AL-685,Medium,396,112,Tizi Ouzou,Algérie
Hôpital AL-686,Low,422,296,Sétif,Algérie
Hôpital LI-687,Low,150,118,Tripoli,Libye
Hôpital LI-688,High,416,19,Benghazi,Libye
Hôpital LI-689,High,441,86,Misrata,Libye
Hôpital LI-690,Low,136,112,Sabha,Libye
Hôpital LI-691,Low,182,139,Zawiya,Libye
Hôpital LI-692,Low,591,309,Derna,Libye
Hôpital LI-693,Low,538,345,Sirte,Libye
Hôpital ÉG-694,High,446,36,Cairo,Égypte
Hôpital ÉG-695,Low,457,318,Alexandria,Égypte
Hôpital ÉG-696,Medium,497,248,Giza,Égypte
Hôpital ÉG-697,High,434,9,Assiut,Égypte
Hôpital ÉG-698,Medium,341,160,Mansoura,Égypte
Hôpital ÉG-699,Low,537,473,Zagazig,Égypte
Hôpital ÉG-700,Low,194,102,Tanta,Égypte
Hôpital TU-701,Low,589,482,Tunis,Tunisie
Hôpital TU-702,Low,343,252,Sfax,Tunisie
Hôpital TU-703,Low,589,356,Sousse,Tunisie
Hôpital TU-704,Low,501,275,Gabès,Tunisie
Hôpital TU-705,Medium,476,185,Bizerte,Tunisie
Hôpital TU-706,Low,600,368,Nabeul,Tunisie
Hôpital TU-707,Low,494,333,Kairouan,Tunisie
Hôpital AL-708,Low,590,524,Alger,Algérie
Hôpital AL-709,Medium,347,173,Oran,Algérie
Hôpital AL-710,High,412,59,Constantine,Algérie
Hôpital AL-711,Low,453,404,Blida,Algérie
Hôpital AL-712,Low,196,173,Annaba,Algérie
Hôpital AL-713,High,465,84,Tizi Ouzou,Algérie
Hôpital AL-714,Low,265,192,Sétif,Algérie
Hôpital LI-715,High,475,21,Tripoli,Libye
Hôpital LI-716,Medium,500,216,Benghazi,Libye
Hôpital LI-717,Low,237,161,Misrata,Libye
Hôpital LI-718,High,457,48,Sabha,Libye
Hôpital LI-719,Medium,338,121,Zawiya,Libye
Hôpital LI-720,Low,193,128,Derna,Libye
Hôpital LI-721,Medium,306,111,Sirte,Libye
Hôpital ÉG-722,Low,521,394,Cairo,Égypte
Hôpital ÉG-723,Low,378,302,Alexandria,Égypte
Hôpital ÉG-724,Low,302,167,Giza,Égypte
Hôpital ÉG-725,Medium,504,111,Assiut,Égypte
Hôpital ÉG-726,Medium,312,66,Mansoura,Égypte
Hôpital ÉG-727,Medium,109,27,Zagazig,Égypte
Hôpital ÉG-728,Medium,593,240,Tanta,Égypte
Hôpital TU-729,Medium,533,170,Tunis,Tunisie
Hôpital TU-730,Medium,252,77,Sfax,Tunisie
Hôpital TU-731,High,476,78,Sousse,Tunisie
Hôpital TU-732,Low,497,309,Gabès,Tunisie
Hôpital TU-733,Low,571,374,Bizerte,Tunisie
Hôpital TU-734,Low,472,344,Nabeul,Tunisie
Hôpital TU-735,Low,382,275,Kairouan,Tunisie
Hôpital AL-736,Low,150,117,Alger,Algérie
Hôpital AL-737,Low,491,371,Oran,Algérie
Hôpital AL-738,Low,551,437,Constantine,Algérie
Hôpital AL-739,Medium,531,200,Blida,Algérie
Hôpital AL-740,Medium,469,218,Annaba,Algérie
Hôpital AL-741,Low,135,74,Tizi Ouzou,Algérie
Hôpital AL-742,Low,378,245,Sétif,Algérie
Hôpital LI-743,High,319,28,Tripoli,Libye
Hôpital LI-744,Low,435,374,Benghazi,Libye
Hôpital LI-745,Medium,344,147,Misrata,Libye
Hôpital LI-746,Low,454,320,Sabha,Libye
Hôpital LI-747,Medium,250,56,Zawiya,Libye
Hôpital LI-748,Medium,211,68,Derna,Libye
Hôpital LI-749,Low,119,89,Sirte,Libye
Hôpital ÉG-750,Low,345,301,Cairo,Égypte
Hôpital ÉG-751,High,163,23,Alexandria,Égypte
Hôpital ÉG-752,High,371,8,Giza,Égypte
Hôpital ÉG-753,Low,562,404,Assiut,Égypte
Hôpital ÉG-754,Medium,139,40,Mansoura,Égypte
Hôpital ÉG-755,High,539,17,Zagazig,Égypte
Hôpital ÉG-756,Low,144,124,Tanta,Égypte
Hôpital TU-757,Medium,338,69,Tunis,Tunisie
Hôpital TU-758,Low,527,407,Sfax,Tunisie
Hôpital TU-759,Low,432,377,Sousse,Tunisie
Hôpital TU-760,Medium,365,160,Gabès,Tunisie
Hôpital TU-761,Low,194,164,Bizerte,Tunisie
Hôpital TU-762,Medium,481,222,Nabeul,Tunisie
Hôpital TU-763,Low,405,206,Kairouan,Tunisie
Hôpital AL-764,Medium,397,141,Alger,Algérie
Hôpital AL-765,Low,227,210,Oran,Algérie
Hôpital AL-766,Medium,373,179,Constantine,Algérie
Hôpital AL-767,Low,207,190,Blida,Algérie
Hôpital AL-768,Low,277,157,Annaba,Algérie
Hôpital AL-769,Medium,215,90,Tizi Ouzou,Algérie
Hôpital AL-770,Low,402,349,Sétif,Algérie
Hôpital LI-771,Low,446,285,Tripoli,Libye
Hôpital LI-772,Medium,384,88,Benghazi,Libye
Hôpital LI-773,Low,503,461,Misrata,Libye
Hôpital LI-774,Medium,321,106,Sabha,Libye
Hôpital LI-775,Low,586,424,Zawiya,Libye
Hôpital LI-776,Medium,274,65,Derna,Libye
Hôpital LI-777,Low,472,247,Sirte,Libye
Hôpital ÉG-778,Medium,234,90,Cairo,Égypte
Hôpital ÉG-779,Low,205,133,Alexandria,Égypte
Hôpital ÉG-780,High,418,44,Giza,Égypte
Hôpital ÉG-781,High,210,34,Assiut,Égypte
Hôpital ÉG-782,High,425,2,Mansoura,Égypte
Hôpital ÉG-783,Medium,278,137,Zagazig,Égypte
Hôpital ÉG-784,High,483,12,Tanta,Égypte
Hôpital TU-785,High,569,61,Tunis,Tunisie
Hôpital TU-786,Low,473,451,Sfax,Tunisie
Hôpital TU-787,Low,171,114,Sousse,Tunisie
Hôpital TU-788,High,271,5,Gabès,Tunisie
Hôpital TU-789,High,134,1,Bizerte,Tunisie
Hôpital TU-790,Medium,145,72,Nabeul,Tunisie
Hôpital TU-791,Low,421,241,Kairouan,Tunisie
Hôpital AL-792,Low,433,407,Alger,Algérie
Hôpital AL-793,Low,260,136,Oran,Algérie
Hôpital AL-794,Low,592,495,Constantine,Algérie
Hôpital AL-795,Low,418,221,Blida,Algérie
Hôpital AL-796,Medium,148,45,Annaba,Algérie
Hôpital AL-797,Low,506,459,Tizi Ouzou,Algérie
Hôpital AL-798,Medium,585,131,Sétif,Algérie
Hôpital LI-799,Medium,184,39,Tripoli,Libye
Hôpital LI-800,High,338,33,Benghazi,Libye
Hôpital LI-801,Low,250,192,Misrata,Libye
Hôpital LI-802,Low,283,154,Sabha,Libye
Hôpital LI-803,Low,312,271,Zawiya,Libye
Hôpital LI-804,Low,547,450,Derna,Libye
Hôpital LI-805,Low,306,159,Sirte,Libye
Hôpital ÉG-806,Low,540,314,Cairo,Égypte
Hôpital ÉG-807,Low,145,145,Alexandria,Égypte
Hôpital ÉG-808,High,230,5,Giza,Égypte
Hôpital ÉG-809,High,397,4,Assiut,Égypte
Hôpital ÉG-810,Low,438,324,Mansoura,Égypte
Hôpital ÉG-811,Low,118,110,Zagazig,Égypte
Hôpital ÉG-812,Low,233,185,Tanta,Égypte
Hôpital TU-813,High,405,0,Tunis,Tunisie
Hôpital TU-814,Low,552,493,Sfax,Tunisie
Hôpital TU-815,Low,576,573,Sousse,Tunisie
Hôpital TU-816,High,243,3,Gabès,Tunisie
Hôpital TU-817,Medium,182,83,Bizerte,Tunisie
Hôpital TU-818,Medium,379,98,Nabeul,Tunisie
Hôpital TU-819,Low,139,104,Kairouan,Tunisie
Hôpital AL-820,Low,215,197,Alger,Algérie
Hôpital AL-821,Low,426,373,Oran,Algérie
Hôpital AL-822,Low,442,336,Constantine,Algérie
Hôpital AL-823,High,555,29,Blida,Algérie
Hôpital AL-824,Low,423,372,Annaba,Algérie
Hôpital AL-825,Low,550,344,Tizi Ouzou,Algérie
Hôpital AL-826,Low,296,162,Sétif,Algérie
Hôpital LI-827,Low,190,112,Tripoli,Libye
Hôpital LI-828,Medium,285,83,Benghazi,Libye
Hôpital LI-829,Low,312,190,Misrata,Libye
Hôpital LI-830,Medium,342,111,Sabha,Libye
Hôpital LI-831,High,216,3,Zawiya,Libye
Hôpital LI-832,Low,384,303,Derna,Libye
Hôpital LI-833,Low,140,129,Sirte,Libye
Hôpital ÉG-834,Low,490,407,Cairo,Égypte
Hôpital ÉG-835,Low,255,148,Alexandria,Égypte
Hôpital ÉG-836,Medium,364,165,Giza,Égypte
Hôpital ÉG-837,Low,538,420,Assiut,Égypte
Hôpital ÉG-838,High,572,45,Mansoura,Égypte
Hôpital ÉG-839,High,303,47,Zagazig,Égypte
Hôpital ÉG-840,Low,201,193,Tanta,Égypte
Hôpital TU-841,Low,111,59,Tunis,Tunisie
Hôpital TU-842,Low,509,481,Sfax,Tunisie
Hôpital TU-843,Medium,594,270,Sousse,Tunisie
Hôpital TU-844,Low,571,495,Gabès,Tunisie
Hôpital TU-845,Medium,527,159,Bizerte,Tunisie
Hôpital TU-846,Medium,595,138,Nabeul,Tunisie
Hôpital TU-847,High,312,19,Kairouan,Tunisie
Hôpital AL-848,Medium,216,92,Alger,Algérie
Hôpital AL-849,Low,592,492,Oran,Algérie
Hôpital AL-850,Low,592,351,Constantine,Algérie
Hôpital AL-851,Medium,389,170,Blida,Algérie
Hôpital AL-852,High,566,35,Annaba,Algérie
Hôpital AL-853,Low,483,350,Tizi Ouzou,Algérie
Hôpital AL-854,High,504,51,Sétif,Algérie
Hôpital LI-855,Low,242,180,Tripoli,Libye
Hôpital LI-856,Low,257,220,Benghazi,Libye
Hôpital LI-857,Medium,121,46,Misrata,Libye
Hôpital LI-858,High,414,14,Sabha,Libye
Hôpital LI-859,Medium,323,120,Zawiya,Libye
Hôpital LI-860,Low,416,265,Derna,Libye
Hôpital LI-861,Low,414,293,Sirte,Libye
Hôpital ÉG-862,Medium,104,36,Cairo,Égypte
Hôpital ÉG-863,Low,453,415,Alexandria,Égypte
Hôpital ÉG-864,Medium,592,211,Giza,Égypte
Hôpital ÉG-865,Low,467,399,Assiut,Égypte
Hôpital ÉG-866,Medium,221,94,Mansoura,Égypte
Hôpital ÉG-867,High,366,65,Zagazig,Égypte
Hôpital ÉG-868,Low,482,380,Tanta,Égypte
Hôpital TU-869,High,146,9,Tunis,Tunisie
Hôpital TU-870,High,175,24,Sfax,Tunisie
Hôpital TU-871,Medium,518,122,Sousse,Tunisie
Hôpital TU-872,Low,329,285,Gabès,Tunisie
Hôpital TU-873,Medium,375,124,Bizerte,Tunisie
Hôpital TU-874,Low,434,406,Nabeul,Tunisie
Hôpital TU-875,Low,204,140,Kairouan,Tunisie
Hôpital AL-876,High,329,43,Alger,Algérie
Hôpital AL-877,Low,520,311,Oran,Algérie
Hôpital AL-878,High,493,7,Constantine,Algérie
Hôpital AL-879,Low,336,192,Blida,Algérie
Hôpital AL-880,Low,316,209,Annaba,Algérie
Hôpital AL-881,Medium,175,43,Tizi Ouzou,Algérie
Hôpital AL-882,Low,358,227,Sétif,Algérie
Hôpital LI-883,Low,489,340,Tripoli,Libye
Hôpital LI-884,High,429,71,Benghazi,Libye
Hôpital LI-885,Medium,433,132,Misrata,Libye
Hôpital LI-886,Medium,344,141,Sabha,Libye
Hôpital LI-887,Low,280,183,Zawiya,Libye
Hôpital LI-888,Low,154,147,Derna,Libye
Hôpital LI-889,High,397,26,Sirte,Libye
Hôpital ÉG-890,Low,343,189,Cairo,Égypte
Hôpital ÉG-891,Medium,536,224,Alexandria,Égypte
Hôpital ÉG-892,Medium,161,61,Giza,Égypte
Hôpital ÉG-893,Low,368,317,Assiut,Égypte
Hôpital ÉG-894,Low,232,155,Mansoura,Égypte
Hôpital ÉG-895,High,339,56,Zagazig,Égypte
Hôpital ÉG-896,Low,326,165,Tanta,Égypte
Hôpital TU-897,Medium,200,58,Tunis,Tunisie
Hôpital TU-898,Low,168,130,Sfax,Tunisie
Hôpital TU-899,Low,481,439,Sousse,Tunisie
Hôpital TU-900,Low,579,418,Gabès,Tunisie
Hôpital TU-901,High,407,49,Bizerte,Tunisie
Hôpital TU-902,Low,421,323,Nabeul,Tunisie
Hôpital TU-903,Low,207,175,Kairouan,Tunisie
Hôpital AL-904,Medium,521,107,Alger,Algérie
Hôpital AL-905,High,583,17,Oran,Algérie
Hôpital AL-906,Low,530,498,Constantine,Algérie
Hôpital AL-907,Low,419,243,Blida,Algérie
Hôpital AL-908,Low,228,133,Annaba,Algérie
Hôpital AL-909,Medium,312,126,Tizi Ouzou,Algérie
Hôpital AL-910,Low,277,211,Sétif,Algérie
Hôpital LI-911,Medium,235,106,Tripoli,Libye
Hôpital LI-912,High,421,51,Benghazi,Libye
Hôpital LI-913,Low,109,62,Misrata,Libye
Hôpital LI-914,Medium,137,62,Sabha,Libye
Hôpital LI-915,Low,347,260,Zawiya,Libye
Hôpital LI-916,Low,555,491,Derna,Libye
Hôpital LI-917,High,135,26,Sirte,Libye
Hôpital ÉG-918,Low,564,535,Cairo,Égypte
Hôpital ÉG-919,Medium,431,93,Alexandria,Égypte
Hôpital ÉG-920,Low,362,242,Giza,Égypte
Hôpital ÉG-921,Low,535,436,Assiut,Égypte
Hôpital ÉG-922,Low,154,127,Mansoura,Égypte
Hôpital ÉG-923,Medium,491,118,Zagazig,Égypte
Hôpital ÉG-924,Low,498,486,Tanta,Égypte
Hôpital TU-925,Low,448,235,Tunis,Tunisie
Hôpital TU-926,Low,237,158,Sfax,Tunisie
Hôpital TU-927,Low,552,414,Sousse,Tunisie
Hôpital TU-928,Low,263,156,Gabès,Tunisie
Hôpital TU-929,Low,312,228,Bizerte,Tunisie
Hôpital TU-930,Low,382,346,Nabeul,Tunisie
Hôpital TU-931,High,478,3,Kairouan,Tunisie
Hôpital AL-932,Medium,568,172,Alger,Algérie
Hôpital AL-933,Medium,174,55,Oran,Algérie
Hôpital AL-934,High,365,37,Constantine,Algérie
Hôpital AL-935,Medium,260,117,Blida,Algérie
Hôpital AL-936,Low,298,295,Annaba,Algérie
Hôpital AL-937,Low,208,166,Tizi Ouzou,Algérie
Hôpital AL-938,High,591,62,Sétif,Algérie
Hôpital LI-939,Low,483,349,Tripoli,Libye
Hôpital LI-940,Low,394,303,Benghazi,Libye
Hôpital LI-941,Low,384,253,Misrata,Libye
Hôpital LI-942,High,129,8,Sabha,Libye
Hôpital LI-943,Low,595,449,Zawiya,Libye
Hôpital LI-944,Low,450,447,Derna,Libye
Hôpital LI-945,Low,455,404,Sirte,Libye
Hôpital ÉG-946,Low,472,285,Cairo,Égypte
Hôpital ÉG-947,Low,580,421,Alexandria,Égypte
Hôpital ÉG-948,Medium,457,172,Giza,Égypte
Hôpital ÉG-949,Medium,314,104,Assiut,Égypte
Hôpital ÉG-950,Medium,466,190,Mansoura,Égypte
Hôpital ÉG-951,Medium,404,174,Zagazig,Égypte
Hôpital ÉG-952,High,105,0,Tanta,Égypte
Hôpital TU-953,Low,173,171,Tunis,Tunisie
Hôpital TU-954,Low,595,511,Sfax,Tunisie
Hôpital TU-955,Low,482,291,Sousse,Tunisie
Hôpital TU-956,Medium,291,76,Gabès,Tunisie
Hôpital TU-957,Medium,361,92,Bizerte,Tunisie
Hôpital TU-958,High,265,26,Nabeul,Tunisie
Hôpital TU-959,Low,435,309,Kairouan,Tunisie
Hôpital AL-960,High,438,68,Alger,Algérie
Hôpital AL-961,High,333,62,Oran,Algérie
Hôpital AL-962,Low,399,297,Constantine,Algérie
Hôpital AL-963,Medium,388,164,Blida,Algérie
Hôpital AL-964,Medium,263,115,Annaba,Algérie
Hôpital AL-965,Low,295,215,Tizi Ouzou,Algérie
Hôpital AL-966,Medium,311,145,Sétif,Algérie
Hôpital LI-967,Low,127,104,Tripoli,Libye
Hôpital LI-968,High,528,88,Benghazi,Libye
Hôpital LI-969,Low,325,313,Misrata,Libye
Hôpital LI-970,High,424,81,Sabha,Libye
Hôpital LI-971,Low,178,140,Zawiya,Libye
Hôpital LI-972,Low,188,128,Derna,Libye
Hôpital LI-973,Low,491,360,Sirte,Libye
Hôpital ÉG-974,High,428,62,Cairo,Égypte
Hôpital ÉG-975,Low,399,249,Alexandria,Égypte
Hôpital ÉG-976,Low,485,424,Giza,Égypte
Hôpital ÉG-977,High,381,12,Assiut,Égypte
Hôpital ÉG-978,Low,210,189,Mansoura,Égypte
Hôpital ÉG-979,Low,332,197,Zagazig,Égypte
Hôpital ÉG-980,High,188,32,Tanta,Égypte
Hôpital TU-981,Low,525,327,Tunis,Tunisie
Hôpital TU-982,Medium,179,38,Sfax,Tunisie
Hôpital TU-983,Low,156,100,Sousse,Tunisie
Hôpital TU-984,Medium,100,50,Gabès,Tunisie
Hôpital TU-985,High,516,59,Bizerte,Tunisie
Hôpital TU-986,Low,593,499,Nabeul,Tunisie
Hôpital TU-987,Low,277,151,Kairouan,Tunisie
Hôpital AL-988,High,349,41,Alger,Algérie
Hôpital AL-989,Low,353,298,Oran,Algérie
Hôpital AL-990,High,422,17,Constantine,Algérie
Hôpital AL-991,Medium,149,42,Blida,Algérie
Hôpital AL-992,Medium,129,27,Annaba,Algérie
Hôpital AL-993,Low,472,385,Tizi Ouzou,Algérie
Hôpital AL-994,Medium,451,217,Sétif,Algérie
Hôpital LI-995,High,590,54,Tripoli,Libye
Hôpital LI-996,Low,300,217,Benghazi,Libye
Hôpital LI-997,Medium,126,61,Misrata,Libye
Hôpital LI-998,Medium,502,131,Sabha,Libye
Hôpital LI-999,High,181,31,Zawiya,Libye
Hôpital LI-1000,Low,248,174,Derna,Libye
